<?xml version='1.0'?>
<!DOCTYPE hibernate-configuration PUBLIC
    "-//Hibernate/Hibernate Configuration DTD//EN"
    "http://www.hibernate.org/dtd/hibernate-configuration-3.0.dtd">
<hibernate-configuration>
  <session-factory>
    <property name="dialect">org.hibernate.dialect.MySQLDialect</property>
    <property name="connection.url">jdbc:mysql://localhost:1234</property>
    <property name="connection.driver_class">com.mysql.cj.jdbc.Driver</property>
      <property name="connection.username">root</property>
      <property name="connection.password">12345678</property>
      <mapping class="com.hibernate.user.LoanBorrow"/>
      <mapping class="com.hibernate.user.LoanReturn"/>
      <mapping class="com.hibernate.user.LoanUser"/>
  </session-factory>
</hibernate-configuration>